,Channel,Region,Fresh,Milk,Grocery,Frozen,Detergent,Deli,x_kpca_poly,y_kpca_poly,x_kpca_rbf,y_kpca_rbf,x_kpca_cos,y_kpca_cos,cluster_kpca_cos
0,Retail,Other,12669,9656,7561,214,2674,1338,-0.2981455011525593,-0.3076719812826466,0.07837370589555083,-0.1731146036428405,0.5047893015158404,0.009622306647377258,3
1,Retail,Other,7057,9810,9568,1762,3293,1776,-0.2726130325059708,-0.2487624245861095,0.1858125464129074,-0.3074147140645969,0.8899412223120089,-0.2628329463279437,1
2,Retail,Other,6353,8808,7684,2405,3516,7844,0.5578704880415538,-0.35610235773029586,0.3417015381326229,0.07504775170557561,0.4739940541267174,0.23568683324586606,1
3,HotelRestCafe,Other,13265,1196,4221,6404,507,1788,-0.26341881268838985,-0.4540227081713493,-0.25330352365834485,0.2503524263190761,-0.6186114271241637,0.370130544280282,0
4,Retail,Other,22615,5410,7198,3915,1777,5185,0.12692164269260334,-0.4327330336684856,0.13661671368898695,0.3752792354602761,0.06889953794312549,0.8618293827365124,2
5,Retail,Other,9413,8259,5126,666,1795,1451,-0.3070092865660383,-0.3932274030478145,-0.08895330433843496,-0.2122647116921356,0.10295629527946548,-0.33045648010926604,3
6,Retail,Other,12126,3199,6975,480,3140,545,-0.3038115127691908,-0.4076338926810737,-0.14353041259380858,-0.16630589319905692,-0.09216796241777606,-0.2898919276536125,4
7,Retail,Other,7579,4956,9426,1669,3321,2566,-0.270860987143592,-0.34459349932142885,0.04089698583784365,-0.26271559872797,0.5540934639173402,-0.34755086203661434,3
8,HotelRestCafe,Other,5963,3648,6192,425,1716,750,-0.30859048668280475,-0.4317355409418063,-0.2204840295429032,-0.3051577883697473,-0.1557890142344765,-0.6896927304727346,4
9,Retail,Other,6006,11093,18881,1159,7425,2098,-0.21822231916402274,0.3978422871901089,0.7089688368462714,-0.2911925018216327,1.1648509491774437,0.023746724906468297,1
10,Retail,Other,3366,5403,12974,4400,5977,1744,-0.2675957779472277,-0.15746193071258455,0.3197406409241956,-0.30652457804762395,0.8649020932926698,-0.1928630625234255,1
11,Retail,Other,13146,1124,4523,1420,549,497,-0.3050299690350555,-0.4462527274769139,-0.35545182556925065,0.013874803248532032,-0.6524416952788552,-0.1063867317186097,0
12,Retail,Other,31714,12319,11757,287,3881,2931,-0.10356968462704516,-0.02732043685670088,0.3854465445073937,0.3357288366807353,0.5189256754099238,0.8891844129165525,2
13,Retail,Other,21217,6208,14982,3095,6707,602,-0.27641845841890217,0.003073681390053584,0.3895006007283213,0.0593738132753489,0.7459587900333248,0.6652437528164219,1
14,Retail,Other,24653,9465,12091,294,5058,2168,-0.22432587265085646,-0.06168660986763175,0.3555111665729337,0.14421778495165338,0.6716997036238871,0.7605400813714226,1
15,HotelRestCafe,Other,10253,1114,3821,397,964,412,-0.2905459314605997,-0.44540465238162175,-0.3543552000608616,-0.11021859390248852,-0.5245171920456185,-0.34778855844424866,4
16,Retail,Other,1020,8816,12121,134,4508,1080,-0.3033882248047767,-0.16269507062885644,0.3226356449874304,-0.4722189977111656,0.8519358136546644,-0.5460352667323775,3
17,HotelRestCafe,Other,5876,6157,2933,839,370,4478,-0.14709758484420438,-0.4520707831306727,-0.07000249896230781,-0.09035047264311986,-0.03322029329664674,-0.11493113644620095,4
18,Retail,Other,18601,6327,10099,2205,2767,3181,-0.17402286197948935,-0.32256701657614056,0.11654191916216305,0.11785312476009385,0.3876603752214002,0.8429922154646661,2
19,HotelRestCafe,Other,7780,2495,9464,669,2518,501,-0.30105435591948604,-0.4025706428601992,-0.12022755406904667,-0.2835482007710929,0.04476543644367425,-0.5527699503922405,4
20,Retail,Other,17546,4519,4602,1066,2259,2124,-0.2916872427258557,-0.4258445092555895,-0.14690021076745444,0.09957113896938716,-0.3075208902858992,0.4431883052888919,0
21,HotelRestCafe,Other,5567,871,2010,3383,375,569,-0.3099452492021488,-0.4229278704853108,-0.3995107138663482,-0.09264082017742033,-0.6188073618880083,-0.3876127760478736,4
22,HotelRestCafe,Other,31276,1917,4469,9408,2381,4334,0.1991556384279402,-0.5010290581069264,0.204359987732002,0.6356359259636718,-0.15600433489142174,1.005037085312468,2
23,Retail,Other,26373,36423,22019,5154,4337,16523,6.815609911752716,1.693438626193842,0.39026615726915065,0.2569496025734202,0.7065213342862835,0.625031246523566,1
24,Retail,Other,22647,9776,13792,2915,4482,5778,0.3267597144260011,-0.06446410136472426,0.4278165407333473,0.22478368660722747,0.6516647402081206,0.8093177360160556,2
25,Retail,Other,16165,4230,7595,201,4003,57,-0.2898847683084984,-0.3676126454694692,-0.031635128734054815,-0.07255095160998608,0.11452974129428202,0.06812692646640442,3
26,HotelRestCafe,Other,9898,961,2861,3151,242,833,-0.31483779602775896,-0.4324686011330272,-0.4001406036273939,0.0085354146973488,-0.7423357127810759,-0.17657511608256202,0
27,HotelRestCafe,Other,14276,803,3045,485,100,518,-0.29741308388636456,-0.4373593214016676,-0.3700525126455125,0.05391791921403465,-0.6391505057184973,-0.07438347274703093,0
28,Retail,Other,4113,20484,25957,1158,8604,5206,0.3963560702830485,1.525629213043861,0.70162073686058,0.07310145750804019,1.1249453280505728,0.21303748583376256,1
29,HotelRestCafe,Other,43088,2100,2609,1200,1107,823,-0.29342150736440525,-0.45434790726724106,0.1826835473898083,0.6814840445911228,-0.27649261022401983,0.8502143237539171,2
30,HotelRestCafe,Other,18815,3610,11107,1148,2134,2963,-0.2387727789196225,-0.3678449613147308,0.04311921712672551,0.11745335924201465,0.16493083317346707,0.6234542505990083,2
31,HotelRestCafe,Other,2612,4339,3133,2088,820,985,-0.3180113432094133,-0.4401506503297451,-0.2947866262456745,-0.2721066923785617,-0.3202832277448937,-0.6543615200910101,4
32,HotelRestCafe,Other,21632,1318,2886,266,918,405,-0.2977784307600315,-0.4511950485242581,-0.2515720524686859,0.2660610840718827,-0.5331976714561587,0.30969511350508777,0
33,HotelRestCafe,Other,29729,4786,7326,6130,361,1083,-0.2340438539729617,-0.4408568283298462,0.04182350289076505,0.6263327105684743,-0.2657127763492754,1.016017675868507,2
34,HotelRestCafe,Other,1502,1979,2262,425,483,395,-0.2825243684587115,-0.4311243106448875,-0.3395076127492348,-0.28598298885766155,-0.35533456017248444,-0.6617378578423458,4
35,Retail,Other,688,5491,11091,833,4239,436,-0.3003026787302076,-0.284504385330951,0.15318548998697984,-0.4720462749746819,0.6000385488030907,-0.6994720898570781,3
36,HotelRestCafe,Other,29955,4362,5428,1729,862,4626,-0.028099787933820983,-0.4545393841596319,0.11579078334966625,0.5158516314924011,-0.10896559076293673,0.8729278267080997,2
37,Retail,Other,15168,10556,12477,1920,6506,714,-0.275415730580469,0.048266591696844614,0.4474462104001653,-0.15055607597941156,1.011085471493388,0.354507168987144,1
38,Retail,Other,4591,15729,16709,33,6956,433,-0.2646822477707129,0.4612409913969012,0.6931422223897339,-0.2710746455693036,1.0669990965728458,-0.08668972605110807,1
39,HotelRestCafe,Other,56159,555,902,10002,212,2916,0.1174365612463911,-0.4936650813926386,0.3812905631536106,0.5589487619332956,-0.2658160897709329,1.052055768848105,2
40,HotelRestCafe,Other,24025,4332,4757,9510,1145,5864,0.5211386864964693,-0.5306268248253914,0.21152963142588185,0.5158501567286047,-0.07066330438118032,0.8768592401126595,2
41,HotelRestCafe,Other,19176,3065,5956,2033,2575,2802,-0.2502132789866509,-0.4253101361916298,-0.09230035545523288,0.19668690026864905,-0.22676153440559085,0.6812704745370016,2
42,Retail,Other,10850,7555,14961,188,6899,46,-0.2818139291567198,0.04021728693645603,0.463001012264791,-0.29270653126545554,0.9339095988837433,-0.041495931034714516,1
43,Retail,Other,630,11095,23998,787,9529,72,-0.2562052639199857,0.8413461899313891,0.7874656499758457,-0.20601239875751187,1.0782110305381705,-0.12640716133471,1
44,Retail,Other,9670,7027,10471,541,4618,65,-0.2945743504891713,-0.2418708841484156,0.16846143696562238,-0.31606742675509497,0.6993504189316269,-0.3014026813903077,3
45,Retail,Other,5181,22044,21531,1740,7353,4985,0.3948858430938794,1.169948487274023,0.6868279055313012,0.05304779726024813,1.083771145978029,0.23881263381467724,1
46,Retail,Other,3103,14069,21955,1668,6792,1452,-0.2145531893498304,0.6216965732763179,0.7630314684360966,-0.2376643694653716,1.13625408372397,-0.007844312938151488,1
47,Retail,Other,44466,54259,55571,7782,24171,6465,4.093732795802275,14.69291579864946,0.3902727289147303,0.25796698855143385,1.0468195374740172,0.6355703661769261,1
48,Retail,Other,11519,6152,10868,584,5121,1476,-0.2995132585838907,-0.2159635343157576,0.20654515531327772,-0.2600170566936899,0.8848206201740579,-0.06628411696761492,1
49,Retail,Other,4967,21412,28921,1798,13583,1163,-0.0648260879496912,2.5861114204334466,0.7289714387313017,0.1158823681764604,1.16590775807474,0.16553202774555253,1
50,HotelRestCafe,Other,6269,1095,1980,3860,609,2162,-0.29637895352261473,-0.4314939449000781,-0.3430795910530938,-0.035973347916172634,-0.5820706110905142,-0.2261973041128457,4
51,HotelRestCafe,Other,3347,4051,6996,239,1538,301,-0.29304733567304186,-0.42924044643204734,-0.1808690502894265,-0.3679504169323373,-0.028722944939419407,-0.7430876992955525,4
52,Retail,Other,40721,3916,5876,532,2587,1278,-0.2819557605889201,-0.4038268198482109,0.20385521739136744,0.6261716702573178,-0.08674957266417141,0.8909028791210402,2
53,Retail,Other,491,10473,11532,744,5611,224,-0.2957800760501955,-0.0782111991967774,0.4039493331332726,-0.4491321359123349,0.8740988275952085,-0.4758487853096408,3
54,HotelRestCafe,Other,27329,1449,1947,2436,204,1333,-0.3033764973789318,-0.4446285548249304,-0.16262992294600176,0.5367169722978511,-0.5661236177888783,0.6849596429801805,2
55,HotelRestCafe,Other,5264,3683,5005,1057,2024,1130,-0.3166737745118428,-0.43255491396574813,-0.2336587348187079,-0.2988588835089218,-0.20194242985976454,-0.7210255982115943,4
56,Retail,Other,4098,29892,26866,2616,17740,1340,0.14101335852998645,4.031671047627666,0.5426398038264193,0.2327742150149668,1.1345482302711059,0.20080584685527667,1
57,Retail,Other,5417,9933,10487,38,7572,1282,-0.2904807039721232,0.016404434643237,0.4746777128635696,-0.3834965416127775,0.9906745830480068,-0.24104973627313744,1
58,HotelRestCafe,Other,13779,1970,1648,596,227,436,-0.2989190069457129,-0.4365101010193986,-0.3782829305730562,0.0389655500053321,-0.6503694520222105,-0.10235035203594343,0
59,HotelRestCafe,Other,6137,5360,8040,129,3084,1603,-0.3124166599732006,-0.3662710760240711,-0.022022933753793543,-0.3573458414066492,0.3731213086902089,-0.6586893364667847,3
60,Retail,Other,8590,3045,7854,96,4095,225,-0.2852895051431817,-0.3805267039845365,-0.059830519896656977,-0.2986881440336667,0.17949326231368698,-0.5060044485503936,3
61,Retail,Other,35942,38369,59598,3254,26701,2017,1.2368806766377978,13.099663179633296,0.3929913970367599,0.2596203904566613,1.096396168156771,0.5179666938410356,1
62,Retail,Other,7823,6245,6544,4154,4074,964,-0.2998897025424533,-0.3546973375191975,-0.009699948119071121,-0.19621106885775336,0.35342997336563803,-0.3086495975566463,3
63,Retail,Other,9396,11601,15775,2896,7677,1295,-0.2341212828616044,0.2989169830375425,0.640191870600562,-0.24099799892956236,1.1558068953920957,0.17863504925210566,1
64,HotelRestCafe,Other,4760,1227,3250,3724,1247,1145,-0.3161670433251779,-0.4386808889230806,-0.3396877340483359,-0.13477912051815036,-0.5182627933852387,-0.4322266616355369,4
65,Retail,Other,85,20959,45828,36,24231,1423,0.09731608801763346,6.793661579793135,0.44103586711671,0.2616736195916983,1.148395738588308,0.13524693209006552,1
66,HotelRestCafe,Other,9,1534,7417,175,3468,27,-0.2564243938853984,-0.41600734163505937,-0.09322374084289003,-0.4130771376120024,0.10625886719030332,-0.7534036783570162,3
67,Retail,Other,19913,6759,13462,1256,5141,834,-0.28988511488867424,-0.12126245446110832,0.2924046416705132,0.00012687407189362071,0.7219711661891852,0.5778175984956201,1
68,HotelRestCafe,Other,2446,7260,3993,5870,788,3095,-0.14715917131958434,-0.4484752959793192,-0.059970701169715465,-0.0629219989364075,-0.01517272074014021,-0.09582649452127733,4
69,HotelRestCafe,Other,8352,2820,1293,779,656,144,-0.28779744744492497,-0.4390176515485405,-0.37944416017539295,-0.1354681585972583,-0.5404623323910834,-0.4177517515871897,4
70,HotelRestCafe,Other,16705,2037,3202,10643,116,1365,-0.1846911706042788,-0.4706413113118867,-0.05060659132237098,0.4810257519427731,-0.42144743365695897,0.5814482961589561,2
71,HotelRestCafe,Other,18291,1266,21042,5373,4173,14472,3.0019037321481195,-0.36679450725075896,0.39925975518939505,0.26347509037127304,0.4284467783983806,0.5388427699211276,2
72,HotelRestCafe,Other,4420,5139,2661,8872,1321,181,-0.28528579019630146,-0.4545287538507024,-0.11135435138412772,0.0960735549759158,-0.2354513943970501,-0.003343899473302034,0
73,Retail,Other,19899,5332,8713,8132,764,648,-0.2386454467841368,-0.42984068759232413,0.0008987162689020633,0.4094083190417793,-0.18846182834152453,0.8126110518976689,2
74,Retail,Other,8190,6343,9794,1285,1901,1780,-0.2975819627585644,-0.3604623284885603,-0.010720820028170236,-0.26244056436794805,0.42509586397263793,-0.4536534663942196,3
75,HotelRestCafe,Other,20398,1137,3,4407,3,975,-0.3054147984057132,-0.4210526080689354,-0.2988019728448936,0.41653425249637893,-0.7545245986949454,0.4775779041384729,0
76,HotelRestCafe,Other,717,3587,6532,7530,529,894,-0.2882314312798132,-0.4496377974379641,-0.128224671530585,-0.04654708810697756,-0.16476232815659406,-0.21796638427731924,4
77,Retail,Other,12205,12697,28540,869,12034,1009,-0.18717140749620734,1.6381339375533601,0.7923752448833202,0.0076415899235867096,1.1206394962774142,0.24194671092944975,1
78,HotelRestCafe,Other,10766,1175,2067,2096,301,167,-0.2960925570757673,-0.4318823893629525,-0.4098498165501624,-0.006883271270861346,-0.7004238678739123,-0.21788075684439454,4
79,HotelRestCafe,Other,1640,3259,3655,868,1202,1653,-0.3186950327765693,-0.4383626733174757,-0.26104065380697633,-0.3184717675598497,-0.20982097097593008,-0.6871863036900914,4
80,HotelRestCafe,Other,7005,829,3009,430,610,529,-0.2900161278698723,-0.4351910820465157,-0.3779155808867271,-0.1730841990779726,-0.5043193191568104,-0.4801727327940397,4
81,Retail,Other,219,9540,14403,283,7818,156,-0.2815273598434063,0.1378376462910884,0.5725819154133498,-0.4145797417023823,0.9656659322700976,-0.3749778514272841,3
82,Retail,Other,10362,9232,11009,737,3537,2342,-0.25130889471048,-0.2097679860273784,0.2402263946635037,-0.2448420655760985,0.938030711926668,0.02231177815291732,1
83,HotelRestCafe,Other,20874,1563,1783,2320,550,772,-0.3126293737754693,-0.4426284083944628,-0.2961826933974485,0.33081418448807204,-0.6908481647038804,0.42608215256370585,0
84,Retail,Other,11867,3327,4814,1178,3837,120,-0.2948298740218673,-0.41679156753966384,-0.16487728549520714,-0.14752191500710546,-0.15945036141570254,-0.2728549215358759,4
85,Retail,Other,16117,46197,92780,1026,40827,2944,2.224008779650006,28.785531906632247,0.3883366736832283,0.2562637349561317,1.14962730467541,0.3385310835504963,1
86,Retail,Other,22925,73498,32114,987,20070,903,1.7469782125138884,12.50799784031742,0.3884367447992925,0.2563393057786995,0.9724824531993256,0.3833676285205037,1
87,HotelRestCafe,Other,43265,5025,8117,6312,1579,14351,3.4980566638003667,-0.7251615515776999,0.3948303497119399,0.2825635724817165,0.1771470297673,0.8374567839151442,2
88,HotelRestCafe,Other,7864,542,4042,9735,165,46,-0.28595530314246825,-0.4462815564849713,-0.1416351099577698,0.247330682175917,-0.42010800751045546,0.1415906162685686,0
89,HotelRestCafe,Other,24904,3836,5330,3443,454,3178,-0.16725509384360546,-0.4565047172608723,-0.0538576201327919,0.477943845472091,-0.3295105011262153,0.9016782884608262,2
90,HotelRestCafe,Other,11405,596,1638,3347,69,360,-0.3067949534681044,-0.4206924043804767,-0.4136609279751088,0.07913795302740621,-0.7648710686059703,-0.08585343388841242,0
91,HotelRestCafe,Other,12754,2762,2530,8693,627,1117,-0.25029790372949784,-0.4591770630195564,-0.17362761022052506,0.3225087737341827,-0.4874605703811689,0.3928984954587657,0
92,Retail,Other,9198,27472,32034,3232,18906,5130,0.8634578525307031,4.662444448147087,0.5108182391595898,0.2552528225022166,1.154835090436997,0.34036820400825085,1
93,HotelRestCafe,Other,11314,3090,2062,35009,71,2698,1.5791557708709627,-0.8187785316487438,0.3900350151310968,0.2639131765015494,-0.04139922301103599,0.5324876653575951,2
94,Retail,Other,5626,12220,11323,206,5038,244,-0.29403743749867584,-0.05019779266012542,0.4048812679722284,-0.3705245523594404,0.9028491020028356,-0.2678894435767469,1
95,HotelRestCafe,Other,3,2920,6252,440,223,709,-0.3021163782667849,-0.4404965637621856,-0.24060060089851404,-0.3535239289116526,-0.15294248141700845,-0.7259523252920129,4
96,Retail,Other,23,2616,8118,145,3874,217,-0.2735495046940793,-0.3896600777626472,-0.028894103489517944,-0.4430106441334649,0.2375636987341924,-0.7668978256775626,3
97,HotelRestCafe,Other,403,254,610,774,54,63,-0.2519878509130891,-0.3948653881483161,-0.3641455518920079,-0.2287867466358156,-0.4384791894903251,-0.610107190319705,4
98,HotelRestCafe,Other,503,112,778,895,56,132,-0.2574895069178781,-0.3947013509060913,-0.36742690630912506,-0.22596087671538276,-0.4447429754030151,-0.6054946701786985,4
99,HotelRestCafe,Other,9658,2182,1909,5639,215,323,-0.3093921643770756,-0.4359164737360182,-0.34498254262196626,0.10798564535391854,-0.6720002351437822,-0.012278377094864215,0
100,Retail,Other,11594,7779,12144,3252,8035,3029,-0.15525204225243233,0.03978362222333159,0.4811708315362786,-0.1490536429134602,1.0212350486524615,0.3420047572090174,1
101,Retail,Other,1420,10810,16267,1593,6766,1838,-0.24951007592573446,0.1976969526664851,0.6231583558865992,-0.3777794219427701,1.1107038954484223,-0.19909247065607924,1
102,Retail,Other,2932,6459,7677,2561,4573,1386,-0.3041267865155288,-0.3137028248037413,0.08900658922927393,-0.3847938536319633,0.6231288952200019,-0.6441470321122064,3
103,HotelRestCafe,Other,56082,3504,8906,18028,1480,2498,0.6037632538579727,-0.5165371330378916,0.4084907056239093,0.3960700673826257,-0.05579643972011072,1.078982623329374,2
104,HotelRestCafe,Other,14100,2132,3445,1336,1491,548,-0.3080760422614447,-0.44822776989822427,-0.32498847780732576,0.01746040848612232,-0.6290412356346767,-0.05669671931893638,0
105,HotelRestCafe,Other,15587,1014,3970,910,139,1378,-0.3166168074196841,-0.4420664726869005,-0.3355261292554214,0.1088106263190946,-0.6500958512772906,0.09097042990690453,0
106,Retail,Other,1454,6337,10704,133,6830,1831,-0.3001406156777714,-0.1375944331623894,0.3559703986970572,-0.4454110428548867,0.850037702983691,-0.4713498439595623,3
107,Retail,Other,8797,10646,14886,2471,8969,1438,-0.2419194151855805,0.3300737886109217,0.6569576061315459,-0.2530671506188991,1.1328766118030589,0.12548255234789246,1
108,Retail,Other,1531,8397,6981,247,2505,1236,-0.31280198414312604,-0.3562457477712221,0.032545962913497865,-0.4257323949664451,0.4199245156610688,-0.6923183687253213,3
109,Retail,Other,1406,16729,28986,673,836,3,-0.2586277398753518,0.5112851234124993,0.5670440133693171,-0.02176429721600284,0.8466076744483277,-0.03293784358576626,1
110,HotelRestCafe,Other,11818,1648,1694,2276,169,1647,-0.3138514484751828,-0.4308100230421881,-0.3856418282991097,0.05338208702174749,-0.7471941380562044,-0.052369005114890316,0
111,Retail,Other,12579,11114,17569,805,6457,1519,-0.2450292260579432,0.2711142096657112,0.61497128535163,-0.21542501511716697,1.1266111371117138,0.23324827708271656,1
112,HotelRestCafe,Other,19046,2770,2469,8853,483,2708,-0.10043253720980948,-0.4774067279725041,-0.06586962261253353,0.5015456168575972,-0.4273205034288177,0.7242482326350228,2
113,HotelRestCafe,Other,14438,2295,1733,3220,585,1561,-0.30615221649271146,-0.4416313040336444,-0.3489118357948727,0.15647688408535815,-0.7945223177263413,0.19983769694860612,0
114,HotelRestCafe,Other,18044,1080,2000,2555,118,1266,-0.31323903942926745,-0.4345942552508646,-0.3411472876164218,0.2651940618756575,-0.7609371665114113,0.3218048939116359,0
115,HotelRestCafe,Other,11134,793,2988,2715,276,610,-0.3110517101068842,-0.4339963425969228,-0.401028575463783,0.02562015989037847,-0.7446736549222276,-0.14250206546851638,0
116,HotelRestCafe,Other,11173,2521,3355,1517,310,222,-0.30072510730887386,-0.4449201900066271,-0.3728441164416737,-0.04533140277986455,-0.6432933308950813,-0.2430237116066708,4
117,HotelRestCafe,Other,6990,3880,5380,1647,319,1160,-0.31795942984008263,-0.4424661672440257,-0.2976324734428257,-0.19250409541862676,-0.4455800242829276,-0.5152476244213479,4
118,HotelRestCafe,Other,20049,1891,2362,5343,411,933,-0.2962000361980434,-0.448353840670534,-0.25598132863991185,0.4135922402946952,-0.6971472467333841,0.5924811188205427,0
119,HotelRestCafe,Other,8258,2344,2147,3896,266,635,-0.31450399488242137,-0.4353227572035893,-0.38485704625799466,-0.017045820057282352,-0.6973197868558397,-0.22874081434465496,4
120,HotelRestCafe,Other,17160,1200,3412,2417,174,1136,-0.3145449443943025,-0.44246277635841336,-0.3382159568239347,0.21355761823079397,-0.7517771197964331,0.2784161754866313,0
121,HotelRestCafe,Other,4020,3234,1498,2395,264,255,-0.3038644610758232,-0.43227887356483896,-0.3725792335888264,-0.1856308981924432,-0.5004713871574353,-0.526664676226558,4
122,HotelRestCafe,Other,12212,201,245,1991,25,860,-0.3103769702616589,-0.4036073586666769,-0.4243548389161237,0.07877409271485142,-0.7554520510958855,-0.09267804919765994,0
123,Retail,Other,11170,10769,8814,2194,1976,143,-0.3037405858246021,-0.2974735002799589,0.0905444361469318,-0.16089831311668926,0.4593130169470625,0.005875231508594842,3
124,HotelRestCafe,Other,36050,1642,2961,4787,500,1621,-0.2450509574117813,-0.4598275859054005,0.06833101231458312,0.7353255086402096,-0.3941619148470352,0.9411586573550246,2
125,HotelRestCafe,Other,76237,3473,7102,16538,778,918,0.3690449148335375,-0.4888037267801426,0.4068230009577626,0.3174255981544433,-0.0984348279280452,1.0934505656951086,2
126,HotelRestCafe,Other,19219,1840,1658,8195,349,483,-0.2773979876918398,-0.4496345602889893,-0.16882061944967475,0.4750716088009593,-0.5803246006671856,0.571471132950203,0
127,Retail,Other,21465,7243,10685,880,2386,2749,-0.2157314658892492,-0.2985726031432834,0.1450513054702249,0.15897498780264696,0.3682469583780525,0.7896823044663956,2
128,HotelRestCafe,Other,140,8847,3823,142,1062,3,-0.2962463845828212,-0.4200379327365437,-0.09016179496558382,-0.3645627782042598,0.09424987307299902,-0.6576480425920516,3
129,HotelRestCafe,Other,42312,926,1510,1718,410,1819,-0.272212692239988,-0.4510023494777639,0.16521177354728658,0.7019507615988388,-0.34441813859308545,0.8609681703287698,2
130,HotelRestCafe,Other,7149,2428,699,6316,395,911,-0.3017514438155221,-0.43099792004116144,-0.31819281870118393,0.08791208283469502,-0.5974332488235781,-0.05936316455418395,0
131,HotelRestCafe,Other,2101,589,314,346,70,310,-0.26561629964100875,-0.3982485584335239,-0.37902412487450665,-0.21587082184977674,-0.4635785010345357,-0.5787137976395584,4
132,HotelRestCafe,Other,14903,2032,2479,576,955,328,-0.2962958534627926,-0.4475738394491865,-0.34171939430071563,0.04547060965434455,-0.6021386610561438,-0.0499411920208791,0
133,HotelRestCafe,Other,9434,1042,1235,436,256,396,-0.2865102326282951,-0.4239425231536603,-0.4060073391274113,-0.08040239432537245,-0.602658382678833,-0.33901769288577105,4
134,HotelRestCafe,Other,7388,1882,2174,720,47,537,-0.2982416626385837,-0.4305077357961967,-0.3963433707492268,-0.14462575969882988,-0.5606181849094807,-0.44070519203264336,4
135,HotelRestCafe,Other,6300,1289,2591,1170,199,326,-0.29067239933371863,-0.4303165977637822,-0.39732774261838977,-0.162179988111745,-0.5495345274104401,-0.4815972133534389,4
136,HotelRestCafe,Other,4625,8579,7030,4575,2447,1542,-0.2658379378865997,-0.36129053372592096,0.021893285183875972,-0.21594184207017625,0.3741944617519526,-0.2856755098802174,3
137,HotelRestCafe,Other,3087,8080,8282,661,721,36,-0.30295988156947345,-0.3952403997124062,-0.053585155722645966,-0.35499016249634996,0.19258974877105164,-0.6077837322404095,3
138,HotelRestCafe,Other,13537,4257,5034,155,249,3271,-0.2549400383818876,-0.4464942030591106,-0.16553635977965084,0.02342638125042072,-0.2504550973156525,0.12383531051663245,0
139,HotelRestCafe,Other,5387,4979,3343,825,637,929,-0.31624865606864105,-0.4410971572824136,-0.29050990777311386,-0.25377422418426643,-0.32611471389424285,-0.5968350946932295,4
140,HotelRestCafe,Other,17623,4280,7305,2279,960,2616,-0.2479293506605257,-0.4311372144586122,-0.12177803098212553,0.16569803317833573,-0.3123403321213223,0.6598433811338889,2
141,HotelRestCafe,Other,30379,13252,5189,321,51,1450,-0.24160160828732485,-0.32925555286906105,0.18551001238519715,0.4062312882445619,0.0822644423457017,0.7478100019184142,2
142,HotelRestCafe,Other,37036,7152,8253,2995,20,3,-0.2829839679811619,-0.3990981914494737,0.16751582885839392,0.6198053550109605,-0.11708384057119872,0.9194240321215168,2
143,HotelRestCafe,Other,10405,1596,1096,8425,399,318,-0.29146294282620083,-0.4356889903825401,-0.2282951952676464,0.2630504415821845,-0.5512430953970946,0.18826236614005254,0
144,HotelRestCafe,Other,18827,3677,1988,118,516,201,-0.2971564089783689,-0.4496508768306957,-0.27765354263986114,0.16401730974887282,-0.5274023981279827,0.17081981702675933,0
145,Retail,Other,22039,8384,34792,42,12591,4430,0.10544869597410167,1.9824056052136003,0.5947264081346467,0.17396911873125834,1.0061412291842275,0.4679103827562518,1
146,HotelRestCafe,Other,7769,1936,2177,926,73,520,-0.3000068372671081,-0.4313614716304268,-0.3991324831147631,-0.13114476300919992,-0.5816546601821163,-0.4203172618249732,4
147,HotelRestCafe,Other,9203,3373,2707,1286,1082,526,-0.3086546713952077,-0.4450792002278422,-0.3467442842458109,-0.13486305936731852,-0.5551952561024337,-0.40906123967553504,4
148,HotelRestCafe,Other,5924,584,542,4052,283,434,-0.30752444921595906,-0.4066844635356233,-0.4047396308047307,-0.03107928919223402,-0.6515588861577453,-0.3033717097682264,4
149,HotelRestCafe,Other,31812,1433,1651,800,113,1440,-0.30531683830622103,-0.4445099100908799,-0.057836848992965234,0.5844110161095776,-0.456829132562394,0.6874226156417559,2
150,HotelRestCafe,Other,16225,1825,1765,853,170,1067,-0.3148044766250925,-0.4361904451782208,-0.35464333942147663,0.13638816960781544,-0.6826989462934026,0.0968247807885943,0
151,HotelRestCafe,Other,1289,3328,2022,531,255,1774,-0.31857707371301786,-0.4311907437342806,-0.29870115365415056,-0.2764353609553247,-0.2983612222081765,-0.6123160418221653,4
152,HotelRestCafe,Other,18840,1371,3135,3001,352,184,-0.3063831854683732,-0.4460834095153245,-0.3178863673926578,0.27404579426174497,-0.7130002608573719,0.33516691285487304,0
153,HotelRestCafe,Other,3463,9250,2368,779,302,1627,-0.3084187468000644,-0.4251047611185464,-0.13675359207538212,-0.2549738860650589,-0.025303640345422783,-0.4570485160820837,4
154,HotelRestCafe,Other,622,55,137,75,7,8,-0.2338763833733488,-0.3881939724359668,-0.35613790579555143,-0.2243590797286054,-0.43265451822584794,-0.6052285187176738,4
155,Retail,Other,1989,10690,19460,233,11577,2153,-0.2236363672206848,0.8237775613212922,0.7953616515078537,-0.20293077559309686,1.116813210003492,-0.06545597653389096,1
156,Retail,Other,3830,5291,14855,317,6694,3182,-0.2422565015294505,-0.04031803085437718,0.453690906341789,-0.3406775411225524,0.9241181923173334,-0.19372336360632186,1
157,HotelRestCafe,Other,17773,1366,2474,3378,811,418,-0.310450879539937,-0.4455045737278047,-0.3282392887694636,0.2521208905947929,-0.7434035398348678,0.31874657066891765,0
158,Retail,Other,2861,6570,9618,930,4004,1682,-0.3045740431099276,-0.2919018015475862,0.13432392884255695,-0.4319449574513765,0.7024510691760881,-0.6553976083360121,3
159,Retail,Other,355,7704,14682,398,8077,303,-0.28338296256269235,0.10035061905933122,0.5496668663183778,-0.4181542000132606,0.9403612623530494,-0.3856310799528033,3
160,Retail,Other,1725,3651,12822,824,4424,2157,-0.3016468488792066,-0.26472787934285896,0.19940845321190734,-0.4123420028899089,0.6645231945565453,-0.5166508387141815,3
161,HotelRestCafe,Other,12434,540,283,1092,3,2233,-0.3117662258132376,-0.40953210681429403,-0.3684526872469833,0.07720964736390623,-0.6581413302534369,-0.0361358820661725,0
162,HotelRestCafe,Other,15177,2024,3810,2665,232,610,-0.3135179472287312,-0.4460924532771284,-0.3504243069439395,0.1344271369051965,-0.7645751534462202,0.1432548606160351,0
163,Retail,Other,5531,15726,26870,2367,13726,446,-0.17726143180203105,1.9400324131365492,0.7894216944204893,0.029520644349002544,1.1388115485652066,0.1323853245681062,1
164,Retail,Other,5224,7603,8584,2540,3674,238,-0.3080693124448888,-0.3122900313352027,0.068993182185039,-0.3470256913445817,0.5650524447037407,-0.5729601728157917,3
165,Retail,Other,15615,12653,19858,4425,7108,2379,-0.06420475286420219,0.5055596350008614,0.6729730253882948,-0.027874939387895908,1.0918751309052654,0.5584449005239857,1
166,Retail,Other,4822,6721,9170,993,4973,3637,-0.20064768746937608,-0.2540494862914938,0.2408931093481005,-0.3041651996597493,0.7468257192290532,-0.21471590804879392,3
167,HotelRestCafe,Other,2926,3195,3268,405,1680,693,-0.3020214759775992,-0.44143990551842094,-0.2776570476752987,-0.3267866830786444,-0.23212997350560466,-0.7136260465230616,4
168,HotelRestCafe,Other,5809,735,803,1393,79,429,-0.29134762093790345,-0.40824256758314026,-0.4201575719559418,-0.13173918972187204,-0.5933602969486715,-0.4486858678876733,4
169,HotelRestCafe,Other,5414,717,2155,2399,69,750,-0.30950224892851785,-0.41805018155873774,-0.4097722021297636,-0.12434563292776155,-0.6058119883148256,-0.4348359117001202,4
170,Retail,Other,260,8675,13430,1116,7015,323,-0.2926022478562996,0.013346939757452849,0.4872324052395749,-0.4421929823063668,0.937113642710604,-0.4237534680949779,3
171,Retail,Other,200,25862,19816,651,8773,6250,0.6810859895561305,1.4982838858896137,0.592399269901343,0.1413922058211051,1.0458569457826583,0.15647799940167334,1
172,HotelRestCafe,Other,955,5479,6536,333,2840,707,-0.3070436682255995,-0.3958415786489393,-0.06706054380402128,-0.4412158744111221,0.22876085171766855,-0.8132785112588335,3
173,Retail,Other,514,7677,19805,937,9836,716,-0.27639162814228346,0.478027083729232,0.7190963979951561,-0.29888298115073586,1.0334703102044018,-0.20155389960843675,1
174,HotelRestCafe,Other,286,1208,5241,2515,153,1442,-0.3179683000362171,-0.4334251223323968,-0.2943706794120717,-0.25201412656183464,-0.3173710001339773,-0.5990677786968774,4
175,Retail,Other,2343,7845,11874,52,4196,1697,-0.2998370968633215,-0.20407873401554025,0.2723417023751185,-0.4521558669606514,0.8394931227789246,-0.5293644010361322,3
176,HotelRestCafe,Other,45640,6958,6536,7368,1532,230,-0.18983849353441454,-0.3908152811581171,0.3102135041673319,0.6763598296580611,-0.08879035061261198,1.0591127672827367,2
177,HotelRestCafe,Other,12759,7330,4533,1752,20,2631,-0.2466890130438704,-0.4352881925583731,-0.15279810966323998,0.01670080442563187,-0.2532668779704943,0.18928851544568506,0
178,HotelRestCafe,Other,11002,7075,4945,1152,120,395,-0.3136174010051312,-0.43400155926516254,-0.2219526716786726,-0.1077535319588196,-0.31031924120271,-0.21530961733714635,4
179,HotelRestCafe,Other,3157,4888,2500,4477,273,2165,-0.27193476968727803,-0.44519843400634657,-0.24829625537478056,-0.111976764018853,-0.3471762952873325,-0.3125553455337882,4
180,HotelRestCafe,Other,12356,6036,8887,402,1382,2794,-0.26009430434567643,-0.3864254448941997,-0.02188813468983279,-0.10398787050332267,0.19686770367664475,0.08479873003159369,3
181,HotelRestCafe,Other,112151,29627,18148,16745,4948,8550,5.0539169854147845,1.557934822966501,0.38831461556374497,0.25630156501009577,0.3152045436812063,1.143980401689355,2
182,HotelRestCafe,Other,694,8533,10518,443,6907,156,-0.2886777149592965,-0.09259825546667984,0.3915930928740389,-0.4528884260766418,0.8311824882809429,-0.499367957577354,3
183,HotelRestCafe,Other,36847,43950,20170,36534,239,47943,59.08654280576411,-3.5792045183501817,0.3881998035138976,0.2561385684770069,0.41673114892956653,0.6588168363489139,2
184,HotelRestCafe,Other,327,918,4710,74,334,11,-0.2500381512370245,-0.4376321376035843,-0.2940053286966308,-0.31049338726028003,-0.2718517589101311,-0.6862967657639929,4
185,HotelRestCafe,Other,8170,6448,1139,2181,58,247,-0.31328750768401925,-0.4395332848887696,-0.31322988744451835,-0.10348108526814376,-0.4720819097691626,-0.3129067705932402,4
186,HotelRestCafe,Other,3009,521,854,3470,949,727,-0.3103596285121559,-0.4156695761054873,-0.3772729060775653,-0.1369834209203618,-0.5315603461492007,-0.4634337143399053,4
187,HotelRestCafe,Other,2438,8002,9819,6269,3459,3,-0.29643013580587224,-0.30279629752762904,0.1387758240803869,-0.2077692875739368,0.4510053655644431,-0.22498697399627532,3
188,Retail,Other,8040,7639,11687,2758,6839,404,-0.2962021724316287,-0.07682734440227178,0.3673561639173325,-0.3094173373507572,0.96255264450083,-0.10460441039474012,1
189,Retail,Other,834,11577,11522,275,4027,1856,-0.2768282496482359,-0.12114902201845484,0.3770436590752792,-0.4185381093110786,0.8890651223597424,-0.408062033731288,3
190,HotelRestCafe,Other,16936,6250,1981,7332,118,64,-0.2852499118969664,-0.4520859660067592,-0.15615954702350812,0.3535481923594882,-0.470930699977035,0.5091314064620933,0
191,HotelRestCafe,Other,13624,295,1381,890,43,84,-0.2780312554582347,-0.4211009411028969,-0.39887281433396776,0.06623095846740662,-0.6786307136761249,-0.10904454061333152,0
192,HotelRestCafe,Other,5509,1461,2251,547,187,409,-0.2871779456867459,-0.42872296295611184,-0.3873001394851873,-0.19318298864178904,-0.4994055582945398,-0.5229350079881545,4
193,Retail,Other,180,3485,20292,959,5618,666,-0.2936878562464259,-0.009984722718754745,0.461874966508413,-0.3536692578954003,0.7968536434099989,-0.3468597933351001,3
194,HotelRestCafe,Other,7107,1012,2974,806,355,1142,-0.3124450377506425,-0.4314722815158669,-0.3821057367307252,-0.15120207483643075,-0.5439638783247039,-0.4407065175644155,4
195,HotelRestCafe,Other,17023,5139,5230,7888,330,1755,-0.18820449411550053,-0.4609006758018353,-0.09205758470871313,0.3844595108821903,-0.3678536931275425,0.7252004611811522,2
196,HotelRestCafe,Lisbon,30624,7209,4897,18711,763,2876,0.5986915999715623,-0.5561772484731967,0.3623503858158117,0.4739395532648159,-0.054529979623748115,0.8890435523339486,2
197,Retail,Lisbon,2427,7097,10391,1127,4314,1468,-0.3044003927815023,-0.2539472998156083,0.1927048799451479,-0.4451111012762353,0.7896697995948211,-0.6198985665561711,3
198,HotelRestCafe,Lisbon,11686,2154,6824,3527,592,697,-0.3139960309207813,-0.4467105007836244,-0.2911484181274304,0.01339388760118023,-0.657058579360272,-0.026543350787017236,0
199,HotelRestCafe,Lisbon,9670,2280,2112,520,402,347,-0.2931765304701283,-0.4391005221033064,-0.3825170693563432,-0.10321657793792108,-0.5709611760597478,-0.3553995446716468,4
200,Retail,Lisbon,3067,13240,23127,3941,9959,731,-0.21074517142172855,0.9716060738055036,0.8048675789894463,-0.1416709838022664,1.1243899280392244,0.06766620308663245,1
201,Retail,Lisbon,4484,14399,24708,3549,14235,1681,-0.11498067829486755,1.7524091901773624,0.7933232157910509,0.015636247345396526,1.1428327809286292,0.1543941542202256,1
202,HotelRestCafe,Lisbon,25203,11487,9490,5065,284,6854,0.7367849690332263,-0.3761546832929515,0.3334078602460831,0.38375452776533614,0.27636483411156804,0.8531833378937851,2
203,HotelRestCafe,Lisbon,583,685,2216,469,954,18,-0.25070449375763354,-0.4287389970574878,-0.3276589866468184,-0.28628597965631114,-0.3390089662318433,-0.6694526312313407,4
204,HotelRestCafe,Lisbon,1956,891,5226,1383,5,1328,-0.3160624087033018,-0.43238316496111306,-0.3192151955722065,-0.2532410824364384,-0.35561628681630697,-0.5964675471590699,4
205,Retail,Lisbon,1107,11711,23596,955,9265,710,-0.2532976282408279,0.8349227661383951,0.8036887181868522,-0.2185932856035279,1.1128785402030448,-0.09412052430901494,1
206,HotelRestCafe,Lisbon,6373,780,950,878,288,285,-0.2805322659744495,-0.4157437893768899,-0.4112585573437755,-0.14105782931902686,-0.5681218183581829,-0.4553509207811656,4
207,Retail,Lisbon,2541,4737,6089,2946,5316,120,-0.30288682588864685,-0.3519735283687436,0.023148151430314824,-0.3560255056172209,0.3374341673588884,-0.5994123402658551,3
208,HotelRestCafe,Lisbon,1537,3748,5838,1859,3381,806,-0.31293216280207586,-0.4086014581617625,-0.12174651939146612,-0.3868296031328015,0.0993661329906964,-0.7978317747787168,3
209,Retail,Lisbon,5550,12729,16767,864,12420,797,-0.2473126634690013,0.8740761275227049,0.7807516033216422,-0.16776342743272865,1.091267202076086,0.00998699854803998,1
210,HotelRestCafe,Lisbon,18567,1895,1393,1801,244,2100,-0.299810159413388,-0.43845564246279867,-0.2984211934513088,0.2643860371579371,-0.6723250657573945,0.3660570173177286,0
211,Retail,Lisbon,12119,28326,39694,4736,19410,2870,0.6024137072628292,5.800569513047747,0.4825972791337722,0.2648276994777197,1.1532353989880129,0.36923378996975104,1
212,HotelRestCafe,Lisbon,7291,1012,2062,1291,240,1775,-0.3179070032558035,-0.4245063441351903,-0.38179715743983467,-0.10602971176216898,-0.5796759948851283,-0.35505374665471684,4
213,HotelRestCafe,Lisbon,3317,6602,6861,1329,3961,1215,-0.3122791820123276,-0.3436418292347053,0.028266839487388687,-0.4069530932577921,0.4902053601356038,-0.7425799292589754,3
214,Retail,Lisbon,2362,6551,11364,913,5957,791,-0.3035920156459188,-0.16916387554981424,0.3018172791715157,-0.4570284996591725,0.838323337853287,-0.5298286645421153,3
215,HotelRestCafe,Lisbon,2806,10765,15538,1374,5828,2388,-0.2239051675159808,0.10249411579598763,0.5637770712241379,-0.3665393497305284,1.1064190909578608,-0.16193210108404604,1
216,Retail,Lisbon,2532,16599,36486,179,13308,674,-0.14481932161561345,2.768610592379567,0.6823226381255032,0.13431704338982714,1.1390239408813914,0.08457074232392069,1
217,HotelRestCafe,Lisbon,18044,1475,2046,2532,130,1158,-0.3136788329522177,-0.4371631610887187,-0.3398744420261581,0.2589104696457052,-0.761103341764416,0.32292659742438884,0
218,Retail,Lisbon,18,7504,15205,1285,4797,6372,0.17619489219085724,-0.10599152349694337,0.4555484000265642,-0.115423134058613,0.7544789819835661,-0.023527539845811317,1
219,HotelRestCafe,Lisbon,4155,367,1390,2306,86,130,-0.28428976732414424,-0.40791689944563897,-0.40882522201319466,-0.1416541214072334,-0.5687787150694903,-0.4771726389665569,4
220,HotelRestCafe,Lisbon,14755,899,1382,1765,56,749,-0.31079274137555524,-0.42467697536604704,-0.396061445308025,0.12925247831097772,-0.7545718019342873,0.0327324463950046,0
221,HotelRestCafe,Lisbon,5396,7503,10646,91,4167,239,-0.2964854231089365,-0.2503419237405368,0.17945869742049247,-0.4166085424586751,0.6946544564301756,-0.5369351169322311,3
222,HotelRestCafe,Lisbon,5041,1115,2856,7496,256,375,-0.3026086994952004,-0.4341308663683455,-0.2595294414928254,0.088691345922521,-0.4859959657148856,-0.09218928480720523,0
223,Retail,Lisbon,2790,2527,5265,5612,788,1360,-0.29909809277996297,-0.4463787606575818,-0.2383664414396775,-0.10266885470444767,-0.3317315239880589,-0.32248919050991165,4
224,HotelRestCafe,Lisbon,7274,659,1499,784,70,659,-0.2965044110252165,-0.4159535367504844,-0.41341484621250574,-0.12003576570669272,-0.5923610281414088,-0.4125901257632008,4
225,HotelRestCafe,Lisbon,12680,3243,4157,660,761,786,-0.31252014295847586,-0.4466857676579432,-0.3153234149337615,-0.04944383464138665,-0.5605334727136604,-0.1784115777621283,4
226,Retail,Lisbon,20782,5921,9212,1759,2568,1553,-0.2839355029698793,-0.3476914217823208,0.026312579879098512,0.1585809299529845,0.1329273441343158,0.8571781391372226,2
227,HotelRestCafe,Lisbon,4042,2204,1563,2286,263,689,-0.31094387465302825,-0.4259240554905853,-0.3888709945620228,-0.17749864315925776,-0.5354552008010545,-0.5179441841464488,4
228,HotelRestCafe,Lisbon,1869,577,572,950,4762,203,-0.264657218825961,-0.4384659677862017,-0.18754732195781856,-0.2809367591673476,-0.13055924098222316,-0.5950191424120796,4
229,HotelRestCafe,Lisbon,8656,2746,2501,6845,694,980,-0.29111075967837297,-0.4485806254908474,-0.2712975419765191,0.12621155630681746,-0.551454645056279,0.07100006138114963,0
230,Retail,Lisbon,11072,5989,5615,8321,955,2137,-0.15267651175365168,-0.4531640131164046,-0.05263029424140221,0.22245097841538944,-0.17683637187318313,0.4733125592431226,2
231,HotelRestCafe,Lisbon,2344,10678,3828,1439,1566,490,-0.31413909830360953,-0.3870462227191104,-0.027734641124454142,-0.3157789262453549,0.2044498348295922,-0.5163374815235829,3
232,HotelRestCafe,Lisbon,25962,1780,3838,638,284,834,-0.3102920102819406,-0.4516729505233174,-0.1697426431881703,0.4199138339060077,-0.4846921608987146,0.5482666357857144,0
233,HotelRestCafe,Lisbon,964,4984,3316,937,409,7,-0.28857731749555315,-0.4428681126939156,-0.265664683333008,-0.3221433667152868,-0.2145685345272837,-0.6918409452999182,4
234,HotelRestCafe,Lisbon,15603,2703,3833,4260,325,2563,-0.2406894961391144,-0.4552677696364406,-0.2475343384875977,0.23962082007586955,-0.6453219304917314,0.4910920938924908,0
235,HotelRestCafe,Lisbon,1838,6380,2824,1218,1216,295,-0.3065689695505511,-0.43688266832892736,-0.21978412290426366,-0.3286661864263626,-0.1292727960079753,-0.6864091903181624,4
236,HotelRestCafe,Lisbon,8635,820,3047,2312,415,225,-0.29731707127948703,-0.4344257713457544,-0.4016818557092001,-0.07035311448754576,-0.6499483625951311,-0.33058036942470664,4
237,HotelRestCafe,Lisbon,18692,3838,593,4634,28,1215,-0.2917516199739621,-0.4415677612485423,-0.27968324696533753,0.3564207338802706,-0.7201730603772538,0.5185874330461427,0
238,HotelRestCafe,Lisbon,7363,475,585,1112,72,216,-0.27892448077000764,-0.40656732434343823,-0.4239632649068009,-0.09599618829119434,-0.616892360268579,-0.39243435691174106,4
239,HotelRestCafe,Lisbon,47493,2567,3779,5243,828,2253,-0.13791978149057835,-0.46344592566263704,0.2857571608953517,0.7247260329217589,-0.22763899089195705,1.03722931284182,2
240,HotelRestCafe,Lisbon,22096,3575,7041,11422,343,2564,0.019547545617619483,-0.4929194494775607,0.11831277831945808,0.5631274838825193,-0.1976470928858398,0.8477095787685672,2
241,HotelRestCafe,Lisbon,24929,1801,2475,2216,412,1047,-0.3098141414493122,-0.4477899740968357,-0.2094167569584416,0.4534930908895602,-0.5898035570727487,0.6153098951874882,0
242,HotelRestCafe,Lisbon,18226,659,2914,3752,586,578,-0.3110416865911653,-0.4431398140721533,-0.32208380312903595,0.2907315942700846,-0.7459744003815229,0.36771476960411614,0
243,HotelRestCafe,Lisbon,11210,3576,5119,561,1682,2398,-0.2997039435793489,-0.4354538239360603,-0.2022604787021675,-0.1049039186874049,-0.2845084877410688,-0.16244516540307266,4
244,HotelRestCafe,Lisbon,6202,7775,10817,1183,3143,1970,-0.283492930540354,-0.27367530397864914,0.15521594366748884,-0.3456917103759861,0.8385841247557093,-0.4176666909765466,3
245,Retail,Lisbon,3062,6154,13916,230,8933,2784,-0.2570512640067127,0.10833746805286276,0.5547240543368975,-0.33431748328505295,0.970770936760097,-0.18871476576240395,1
246,HotelRestCafe,Lisbon,8885,2428,1777,1777,430,610,-0.3101576789261739,-0.4355596318573909,-0.3980661456347269,-0.08572401575893153,-0.6531311468261454,-0.3442111268029005,4
247,HotelRestCafe,Lisbon,13569,346,489,2077,44,659,-0.3076561302263593,-0.4099817048954828,-0.4156248975924333,0.1162752089809868,-0.7656861347274513,-0.025927220475877318,0
248,HotelRestCafe,Lisbon,15671,5279,2406,559,562,572,-0.3121275942029356,-0.4453136840536529,-0.2780181716597752,0.05471675252047335,-0.5078678605800042,0.057873654093067474,0
249,HotelRestCafe,Lisbon,8040,3795,2070,6340,918,291,-0.3063484714731675,-0.4479294248653359,-0.27595818162726565,0.06616679216806426,-0.5182810145462847,-0.0383582616784858,0
250,HotelRestCafe,Lisbon,3191,1993,1799,1730,234,710,-0.3074917344042224,-0.4249828087281029,-0.3813460649723927,-0.2123696523667924,-0.4879973032344809,-0.5679022758598258,4
251,Retail,Lisbon,6134,23133,33586,6746,18594,5121,0.9094850296112602,4.194523790813679,0.5198331683050439,0.2479707828109149,1.1379947083592492,0.3465214480089539,1
252,HotelRestCafe,Lisbon,6623,1860,4740,7683,205,1693,-0.25375162238093485,-0.4547973848445122,-0.20505854327691556,0.12854263416523445,-0.4194826384238015,0.07855046373109736,0
253,HotelRestCafe,Lisbon,29526,7961,16966,432,363,1391,-0.2586769591000984,-0.22004167500567115,0.2675738247659642,0.3361674851206957,0.3036705562843528,0.7772690762746229,2
254,HotelRestCafe,Lisbon,10379,17972,4748,4686,1547,3265,0.04800964206641526,-0.2280830330022204,0.3041446964083765,0.06877205850171797,0.4767447516241116,0.35692272338623304,1
255,HotelRestCafe,Lisbon,31614,489,1495,3242,111,615,-0.3037167470941761,-0.439515273036199,-0.07754402837795014,0.6389873371305022,-0.5390075322532065,0.730220628482981,2
256,HotelRestCafe,Lisbon,11092,5008,5249,453,392,373,-0.3067325077203226,-0.4428918785650312,-0.26543364349645016,-0.12555097644843313,-0.3821959536749006,-0.29889597262883033,4
257,HotelRestCafe,Lisbon,8475,1931,1883,5004,3593,987,-0.31029460723777164,-0.4433059102377328,-0.23480802141093104,-0.022826736953050347,-0.4021457427263101,-0.11800008056732,4
258,HotelRestCafe,Lisbon,56083,4563,2124,6422,730,3321,0.10250733547554217,-0.4702838293979891,0.3775829111993851,0.6033152012679038,-0.16287045559414426,1.077869246833857,2
259,HotelRestCafe,Lisbon,53205,4959,7336,3012,967,818,-0.2306107440403884,-0.4012207315660245,0.3457109902922617,0.6348102604496013,-0.0935274407950701,1.003573545893704,2
260,HotelRestCafe,Lisbon,9193,4885,2157,327,780,548,-0.3076466433683713,-0.4441920913436521,-0.31325973081917385,-0.157258081584832,-0.4288243156662753,-0.40233999085083416,4
261,HotelRestCafe,Lisbon,7858,1110,1094,6818,49,287,-0.3051450801429494,-0.4186895342303533,-0.3164571115187111,0.1389589941156922,-0.6155703943926604,-0.024079885697913268,0
262,HotelRestCafe,Lisbon,23257,1372,1677,982,429,655,-0.3083081723038838,-0.4425659742280281,-0.2515977612993463,0.3623128096862703,-0.59837900118432,0.4204352945357859,0
263,HotelRestCafe,Lisbon,2153,1115,6684,4324,2894,411,-0.3096408254695049,-0.4297807416749692,-0.17696451432544838,-0.2347867062545299,-0.12708378818833865,-0.5301142301345829,4
264,Retail,Lisbon,1073,9679,15445,61,5980,1265,-0.2899390116902231,0.062254242214228775,0.5323016278035853,-0.4363336224073183,1.0165863828838957,-0.3616829066480355,1
265,HotelRestCafe,Lisbon,5909,23527,13699,10155,830,3636,0.564041461763035,0.1287881697489764,0.4585752361317077,0.19049822353758095,0.6307447859594297,0.4034678491899797,1
266,Retail,Lisbon,572,9763,22182,2221,4882,2563,-0.19163396807699745,0.24569284967645744,0.6284571456252738,-0.27323833811512843,1.0322554849906114,-0.09417391606309768,1
267,HotelRestCafe,Lisbon,20893,1222,2576,3975,737,3628,-0.1646931875450767,-0.4617826956138562,-0.14260287781261416,0.41260811072179104,-0.4817348039365529,0.6669117174377435,2
268,Retail,Lisbon,11908,8053,19847,1069,6374,698,-0.2796894668953493,0.2189890129914896,0.5784450537863957,-0.2255168647322629,1.029451973164325,0.15140303999570634,1
269,HotelRestCafe,Lisbon,15218,258,1138,2516,333,204,-0.29861590978931285,-0.4229552015457568,-0.3919039058497984,0.1664164069870922,-0.7561135833037498,0.0644533571538425,0
270,HotelRestCafe,Lisbon,4720,1032,975,5500,197,56,-0.3042200703107386,-0.4131395761861656,-0.35324101628123017,-0.0002476819989492784,-0.580896149544083,-0.26085672095642953,4
271,HotelRestCafe,Lisbon,2083,5007,1563,1120,147,1550,-0.31849132112634804,-0.4345626801718305,-0.2918634551499203,-0.2593073452974366,-0.3029874184893324,-0.5831046167839672,4
272,HotelRestCafe,Lisbon,514,8323,6869,529,93,1040,-0.3164691705755663,-0.4120704741109967,-0.0750510303348719,-0.3612560683776752,0.14454654241797982,-0.6306363917792028,3
273,HotelRestCafe,Other,36817,3045,1493,4802,210,1824,-0.22138241898048144,-0.4571378976200294,0.08797605088462873,0.7434248092950699,-0.3895391120647445,0.951002612550262,2
274,HotelRestCafe,Other,894,1703,1841,744,759,1153,-0.3095417296208511,-0.4264235581064757,-0.33144897703021736,-0.282891274208783,-0.3473214114824392,-0.6526842234280256,4
275,HotelRestCafe,Other,680,1610,223,862,96,379,-0.2807866673477929,-0.4052055670656086,-0.3649894710298012,-0.24151561398627835,-0.4276257044152232,-0.615821529551626,4
276,HotelRestCafe,Other,27901,3749,6964,4479,603,2503,-0.18697047060558628,-0.4476262418442862,0.0023200413230926253,0.5687935392483445,-0.2781417781522905,1.0188084618607574,2
277,HotelRestCafe,Other,9061,829,683,16919,621,139,-0.13967858908327466,-0.4711442997402491,0.21012588820810807,0.4013316305936516,-0.26296602278913483,0.35194919920138784,0
278,HotelRestCafe,Other,11693,2317,2543,5845,274,1409,-0.2864932116553955,-0.4455390179477999,-0.3087662004369267,0.18282713006551435,-0.6946218480416089,0.2076877714272211,0
279,Retail,Other,17360,6200,9694,1293,3620,1721,-0.2847404427689148,-0.2989220013103063,0.08769572443434549,-0.010576926365420123,0.5116506039509308,0.6241113802738132,2
280,HotelRestCafe,Other,3366,2884,2431,977,167,1104,-0.3149328016715197,-0.4327456528365191,-0.3506086911199662,-0.2437261366928725,-0.4171475359102312,-0.5939857504811056,4
281,Retail,Other,12238,7108,6235,1093,2328,2079,-0.2841300468601764,-0.3822310747788776,-0.05739476711404879,-0.12375528535901445,0.14876709501423804,-0.0005987060623457782,3
282,HotelRestCafe,Other,49063,3965,4252,5970,1041,1404,-0.16618297399055695,-0.44916378453428857,0.3100757868144607,0.7090390097921295,-0.19098477493697213,1.0502408553035445,2
283,HotelRestCafe,Other,25767,3613,2013,10303,314,1384,-0.14844048772618373,-0.4763113682320626,0.043052879943163015,0.6381260066603721,-0.3919033206707446,0.8441473015641755,2
284,HotelRestCafe,Other,68951,4411,12609,8692,751,2406,0.2011531026239202,-0.35384268478346304,0.4158164377482394,0.4193427163988517,-0.0064350351334452145,1.1186139335740113,2
285,HotelRestCafe,Other,40254,640,3600,1042,436,18,-0.29096823486583484,-0.4584517598348251,0.12254054305859248,0.6534871681387449,-0.3421530962515592,0.762094676421941,2
286,HotelRestCafe,Other,7149,2247,1242,1619,1226,128,-0.2908898184844305,-0.4393137558509757,-0.3791868289388993,-0.15095520233777968,-0.5422523264981248,-0.4601521917206649,4
287,HotelRestCafe,Other,15354,2102,2828,8366,386,1027,-0.2587028209765332,-0.4568157901332131,-0.18366779502095645,0.3831512828078988,-0.5443392089972957,0.4857570250253533,0
288,HotelRestCafe,Other,16260,594,1296,848,445,258,-0.28960995400594397,-0.4312585630171941,-0.3677216908530889,0.1375746402549969,-0.6727206862239876,0.033842491860130865,0
289,HotelRestCafe,Other,42786,286,471,1388,32,22,-0.2899269979901462,-0.43892533387897537,0.15619673224980732,0.6652264783225914,-0.4018633823409295,0.7597791913283864,2
290,HotelRestCafe,Other,2708,2160,2642,502,965,1522,-0.3169869008534519,-0.4352564103597073,-0.3143728111931619,-0.27668021412335103,-0.3272679213086973,-0.6267451102265871,4
291,HotelRestCafe,Other,6022,3354,3261,2507,212,686,-0.3155274894277314,-0.4406847342844393,-0.3599843378584545,-0.15843029184675342,-0.552807219738601,-0.4785700603728731,4
292,HotelRestCafe,Other,2838,3086,4329,3838,825,1060,-0.315521699766118,-0.442295285674008,-0.29135796234887784,-0.1974729102630689,-0.3813325141405524,-0.5336908398558242,4
293,Retail,Porto,3996,11103,12469,902,5952,741,-0.2921774400840924,0.006975785530022972,0.4686830215519902,-0.4059621299294048,1.017277692765248,-0.2886652144028592,1
294,HotelRestCafe,Porto,21273,2013,6550,909,811,1854,-0.3045920897976791,-0.4457338456753524,-0.17183144737878508,0.2610187369928708,-0.4105438885939986,0.5322166581846708,0
295,Retail,Porto,7588,1897,5234,417,2208,254,-0.28510454716343264,-0.4423540685917421,-0.2655332180845537,-0.2436155719620096,-0.2815940884995112,-0.5610662160377987,4
296,HotelRestCafe,Porto,19087,1304,3643,3045,710,898,-0.31240338983932153,-0.44870365419492586,-0.29770613434406057,0.2833840797503588,-0.7170561951229485,0.4360765911399174,0
297,Retail,Porto,8090,3199,6986,1455,3712,531,-0.3067578710383115,-0.3963467218822957,-0.11971899037075767,-0.2719041731534471,0.04052594834961583,-0.5972135704297663,4
298,Retail,Porto,6758,4560,9965,934,4538,1037,-0.3101781831355668,-0.303205847662272,0.08449477145517505,-0.3635272222293545,0.6179558520240048,-0.5633892876545615,3
299,HotelRestCafe,Porto,444,879,2060,264,290,259,-0.2636272381478374,-0.41937638426497104,-0.3405156514663066,-0.27633210770595823,-0.3654361422116816,-0.6564912695521128,4
300,Retail,Porto,16448,6243,6360,824,2662,2005,-0.28748466999154465,-0.3814328069846269,-0.04893722121611433,0.0056023037372022935,0.0514639456085752,0.4215357179792825,2
301,Retail,Porto,5283,13316,20399,1809,8752,172,-0.2558255017518528,0.6940444688787252,0.7742541865913967,-0.22886520228985496,1.1150820869527949,0.007464273120126864,1
302,Retail,Porto,2886,5302,9785,364,6236,555,-0.2967326204746361,-0.2269740222844941,0.22920252886323714,-0.44612648405195293,0.6900687112541438,-0.5665517051464752,3
303,Retail,Porto,2599,3688,13829,492,10069,59,-0.2617269898182296,0.07254960427252037,0.5055816040427814,-0.3171411922515546,0.7961912787761705,-0.29629776733810825,3
304,Retail,Porto,161,7460,24773,617,11783,2410,-0.21978512362936736,0.9748449699343036,0.7710914221737651,-0.12696710773182296,1.0736756268580057,-0.06364079831886905,1
305,Retail,Porto,243,12939,8852,799,3909,211,-0.3016349046524341,-0.17219334977860767,0.3083983987722222,-0.3958960657338044,0.7158428849490933,-0.4597803580071121,3
306,Retail,Porto,6468,12867,21570,1840,7558,1543,-0.21009177340021076,0.6279404208248829,0.7711669007366827,-0.2258387219517155,1.1623273507654817,0.09421420451519588,1
307,HotelRestCafe,Porto,17327,2374,2842,1149,351,925,-0.31463113195942416,-0.445381676110614,-0.32520108883940024,0.1610767736408488,-0.6690218084401486,0.1938521384978263,0
308,HotelRestCafe,Porto,6987,1020,3007,416,257,656,-0.29601452331062017,-0.4322603949850564,-0.38365197689746494,-0.16584414087348345,-0.5189455135166298,-0.4681537889877289,4
309,Retail,Porto,918,20655,13567,1465,6846,806,-0.2209885233914152,0.5451473798263957,0.6578228765045799,-0.15539718300181266,0.9931804792692734,-0.0691369464404963,1
310,HotelRestCafe,Porto,7034,1492,2405,12569,299,1117,-0.1871137773122225,-0.4632108682854722,0.013134526972499266,0.3416227862062395,-0.312822174859422,0.26089085646336463,0
311,HotelRestCafe,Porto,29635,2335,8280,3046,371,117,-0.3019206925899392,-0.4465254383849542,-0.0264666231663762,0.5344281621502381,-0.3192085451193839,0.7930297003694694,2
312,Retail,Porto,2137,3737,19172,1274,17120,142,-0.23508929490201164,1.0284521584232948,0.6284253283921188,0.02166110381201123,0.8909160407858939,-0.0614418961135852,1
313,HotelRestCafe,Porto,9784,925,2405,4447,183,297,-0.3090753177192886,-0.4294738405450299,-0.38714258286651776,0.06367529788611817,-0.7192331356070806,-0.10429377089029784,0
314,HotelRestCafe,Porto,10617,1795,7647,1483,857,1233,-0.3168867065698665,-0.44047608603975,-0.2629924498388874,-0.10391546870091713,-0.4569110654487583,-0.25890377195854164,4
315,Retail,Porto,1479,14982,11924,662,3891,3508,-0.10987290861306842,-0.0009696691040105556,0.4880789733433567,-0.2580640104320357,0.904353517785138,-0.12062724542745418,1
316,HotelRestCafe,Porto,7127,1375,2201,2679,83,1059,-0.31655110220024635,-0.4257157978938137,-0.4056801222934797,-0.07842738547810954,-0.665232894084725,-0.34433413077384795,4
317,HotelRestCafe,Porto,1182,3088,6114,978,821,1637,-0.3183863171220535,-0.4367603397920008,-0.22253630869096994,-0.3367088168451973,-0.12875578170180293,-0.7017269707194137,4
318,HotelRestCafe,Porto,11800,2713,3558,2121,706,51,-0.3004596453021604,-0.4481810470201261,-0.3551299042207883,-0.02114589999786237,-0.6562242638040716,-0.18436871672425384,4
319,Retail,Porto,9759,25071,17645,1128,12408,1625,-0.034870349998835835,1.8310190658069365,0.6860453151378291,0.0928364383849326,1.090559761020462,0.234591123550722,1
320,HotelRestCafe,Porto,1774,3696,2280,514,275,834,-0.30794867799236714,-0.4354551831583782,-0.31697381285837195,-0.29340038191141177,-0.3166896298650481,-0.6583294268157117,4
321,HotelRestCafe,Porto,9155,1897,5167,2714,228,1113,-0.3167864659280032,-0.4441415010357577,-0.34896669102388106,-0.0642039570067744,-0.664599683019757,-0.26849998397662617,4
322,HotelRestCafe,Porto,15881,713,3315,3703,1470,229,-0.3070180065367736,-0.4488734171566105,-0.32180550498710825,0.18181153108831666,-0.702281506217957,0.21324857286927604,0
323,HotelRestCafe,Porto,13360,944,11593,915,1679,573,-0.30454899704410704,-0.4107301522349842,-0.1144957352594228,-0.07588106418664459,-0.08822732469499654,-0.04220982699339935,4
324,HotelRestCafe,Porto,25977,3587,2464,2369,140,1092,-0.3037291814150095,-0.4491888866479734,-0.16799625744857172,0.4835178536196518,-0.5344033333590478,0.6978176102658487,2
325,HotelRestCafe,Porto,32717,16784,13626,60869,1272,5609,8.36781904872149,-1.4859424122228742,0.3882136372003412,0.2561515763125351,0.1525813118884607,0.707887123796397,2
326,HotelRestCafe,Porto,4414,1610,1431,3498,387,834,-0.3149445425625128,-0.422939346560164,-0.3876698211722854,-0.11475102100598647,-0.5836677842019984,-0.4206782038907328,4
327,HotelRestCafe,Porto,542,899,1664,414,88,522,-0.27940886217063937,-0.4118149754218367,-0.3525005197035214,-0.2626248329156098,-0.3932001199473712,-0.6382144645970454,4
328,HotelRestCafe,Porto,16933,2209,3389,7849,210,1534,-0.236097686117783,-0.4603261518087141,-0.1782668298380033,0.4141475681662995,-0.5558661750866384,0.5895725940776335,0
329,HotelRestCafe,Porto,5113,1486,4583,5127,492,739,-0.3124832413115555,-0.4422351178088771,-0.3150778218436822,-0.05942992699149662,-0.5118131843150715,-0.2881341523006625,4
330,HotelRestCafe,Porto,9790,1786,5109,3570,182,1043,-0.31457754508467256,-0.4450301755795665,-0.3462565480743133,-0.006124969332524506,-0.7049492664130241,-0.14609796263354127,0
331,Retail,Porto,11223,14881,26839,1234,9606,1102,-0.17836927070373038,1.3303387816337024,0.8114916021945138,-0.047328777979209265,1.1417085513173943,0.2424809754547244,1
332,HotelRestCafe,Porto,22321,3216,1447,2208,178,2602,-0.2581957881050807,-0.4484373417469665,-0.19694973649114705,0.3953305714103321,-0.5528001364520123,0.6188578310834179,0
333,Retail,Porto,8565,4980,67298,131,38102,1215,0.20830784131153865,12.286868457240569,0.3887308292712927,0.256507571967082,1.0109521748306196,0.2087471017099767,1
334,Retail,Porto,16823,928,2743,11559,332,3486,0.06250324884847072,-0.497011433893819,0.0584767488696337,0.4976207197037503,-0.3280744978996021,0.6292655661978214,2
335,Retail,Porto,27082,6817,10790,1365,4111,2139,-0.2339038032025879,-0.2258618995502795,0.22646667636699325,0.29646689545679106,0.3804475443330464,0.9367443168209794,2
336,HotelRestCafe,Porto,13970,1511,1330,650,146,778,-0.30747692945208865,-0.4298730238807232,-0.38511806858450615,0.06064276791315524,-0.6757321934083571,-0.07042865977860018,0
337,HotelRestCafe,Porto,9351,1347,2611,8170,442,868,-0.2822719836155897,-0.444906252784616,-0.23093582483456798,0.2230440030452065,-0.5256453398500693,0.16855655593988747,0
338,HotelRestCafe,Porto,3,333,7021,15601,15,550,-0.16556378375489464,-0.484781483305831,0.19369506559968389,0.3019846574081553,-0.13315520956455168,0.1495985638735849,0
339,HotelRestCafe,Porto,2617,1188,5332,9584,573,1942,-0.21195571600152896,-0.4621345353643118,-0.08125119583729086,0.14198250994142522,-0.2425561028494271,0.036970995978843166,0
340,Retail,Other,381,4025,9670,388,7271,1371,-0.3066206823598761,-0.20463393620563,0.28155202397468954,-0.4348092267883471,0.6835234980278404,-0.5356175479966186,3
341,Retail,Other,2320,5763,11238,767,5162,2158,-0.29348750342393404,-0.22228644056986616,0.2519722701018445,-0.43153132302123204,0.8115240249334551,-0.5078456320568409,3
342,HotelRestCafe,Other,255,5758,5923,349,4595,1328,-0.313415790436403,-0.3518211227957631,0.04779688442611852,-0.45422775524739706,0.4259572607924376,-0.7410227377666561,3
343,Retail,Other,1689,6964,26316,1456,15469,37,-0.2277364692257005,1.489627033941291,0.7106863091188902,0.016683836766824053,1.0142972919430708,-0.02323400114034469,1
344,HotelRestCafe,Other,3043,1172,1763,2234,217,379,-0.29722567804015737,-0.4186362993880376,-0.3914529294611668,-0.18733016747696268,-0.5159748690215461,-0.5402129782351107,4
345,HotelRestCafe,Other,1198,2602,8335,402,3843,303,-0.2826455255455905,-0.38687334454044736,-0.037924522660306215,-0.43012181945633227,0.2355566862685773,-0.7538589361967503,3
346,Retail,Other,2771,6939,15541,2693,6600,1115,-0.2893151173084046,0.007914967225270164,0.477299797187003,-0.3846133998469813,1.0079491095698645,-0.25208941459646844,1
347,Retail,Other,27380,7184,12311,2809,4621,1022,-0.260089681616798,-0.1591520650879813,0.2696410101194677,0.2971316979045266,0.439912044201972,0.9591966048387216,2
348,HotelRestCafe,Other,3428,2380,2028,1341,1184,665,-0.3052143975681703,-0.4373588726702403,-0.3471054757388597,-0.2551537707311461,-0.4072770294551833,-0.6286880278834233,4
349,Retail,Other,5981,14641,20521,2005,12218,445,-0.2230562236823964,1.1937717302696096,0.8156262449953641,-0.10382320730434376,1.1250459185179404,0.08568602617229075,1
350,HotelRestCafe,Other,3521,1099,1997,1796,173,995,-0.3118500283205354,-0.4189547532298732,-0.3894495307066873,-0.18965674252110945,-0.5170752112349335,-0.5307460752970894,4
351,Retail,Other,1210,10044,22294,1741,12638,3137,-0.12634714984018258,1.0818295822604864,0.7882255899770111,-0.09914293818875608,1.1156656328340775,0.023474132175757056,1
352,HotelRestCafe,Other,608,1106,1533,830,90,195,-0.26943688774216784,-0.4133125867035304,-0.35846829017617593,-0.2546646052070809,-0.408286644143544,-0.6339544220161566,4
353,Retail,Other,117,6264,21203,228,8682,1111,-0.2816496384010103,0.3788031916861956,0.6804823620864883,-0.312184554618582,0.9994307732371104,-0.2376061236776288,1
354,HotelRestCafe,Other,14039,7393,2548,6386,1333,2341,-0.16932563976879778,-0.4459150321027755,-0.09579877000369397,0.2280912758202483,-0.27827981681197594,0.5849161609969531,2
355,HotelRestCafe,Other,190,727,2012,245,184,127,-0.2536535693037257,-0.4164644482169765,-0.3391591988127161,-0.2721654241624323,-0.3680530150619625,-0.6546279942664645,4
356,HotelRestCafe,Other,22686,134,218,3157,9,548,-0.3085297399046338,-0.415615631586989,-0.2825655132400368,0.4358126022955085,-0.7190451711327751,0.4538181340566088,0
357,Retail,Other,37,1275,22272,137,6747,110,-0.2564285693048088,0.06217303670439114,0.4931947764853449,-0.2689092346383866,0.7352268027722354,-0.3170742247816212,3
358,HotelRestCafe,Other,759,18664,1660,6114,536,4100,0.18993438235373192,-0.33555051886047343,0.29463318067784383,0.06927533795348885,0.3566824859020047,0.1008236155394754,3
359,HotelRestCafe,Other,796,5878,2109,340,232,776,-0.3111285174691949,-0.4377101870798808,-0.2516492296287295,-0.3183642453518529,-0.19135297809949095,-0.6632464879611917,4
360,HotelRestCafe,Other,19746,2872,2006,2601,468,503,-0.3119473614168293,-0.4465450872105972,-0.29892420326808256,0.2897378299510169,-0.6949081513247759,0.4048427167193005,0
361,HotelRestCafe,Other,4734,607,864,1206,159,405,-0.2864047765455452,-0.4078495703397501,-0.410966311388356,-0.16140010176652878,-0.5543035346198821,-0.4949775471246229,4
362,HotelRestCafe,Other,2121,1601,2453,560,179,712,-0.29635603121107,-0.4258447636276218,-0.35623115109821984,-0.2618167761445461,-0.39975426053573415,-0.6264557320452167,4
363,HotelRestCafe,Other,4627,997,4438,191,1335,314,-0.2761332739793106,-0.4438055147904457,-0.31394273424687097,-0.2708110225835603,-0.3281900525519337,-0.6200164649343598,4
364,HotelRestCafe,Other,2615,873,1524,1103,514,468,-0.28758810979210603,-0.41893817071838935,-0.3791471801830553,-0.2280871946370247,-0.4594658284257084,-0.5910420733727749,4
365,Retail,Other,4692,6128,8025,1619,4515,3105,-0.23869668343870326,-0.309644513244674,0.13875935027324235,-0.3148640049784171,0.6521952462450777,-0.3376221753347249,3
366,HotelRestCafe,Other,9561,2217,1664,1173,222,447,-0.3017238550217139,-0.4332335492985217,-0.4018851901578188,-0.07648267368047011,-0.6356023470953597,-0.32432015280893306,4
367,HotelRestCafe,Other,3477,894,534,1457,252,342,-0.2858923015069971,-0.4072621286599277,-0.4022843820433044,-0.1817765181668817,-0.526816005137954,-0.5306154986099323,4
368,HotelRestCafe,Other,22335,1196,2406,2046,101,558,-0.3097715898292662,-0.44143979312192094,-0.27603089989377266,0.3704988079767621,-0.6601864363766897,0.4468677298737664,0
369,HotelRestCafe,Other,6211,337,683,1089,41,296,-0.2801614135956651,-0.40362364545563373,-0.4209044645327595,-0.12224306156304535,-0.5935250425258286,-0.4354846834973548,4
370,Retail,Other,39679,3944,4955,1364,523,2235,-0.23581311489857795,-0.44410226786625134,0.16505220495802986,0.6779861840154179,-0.2031632398323938,0.926099168623797,2
371,HotelRestCafe,Other,20105,1887,1939,8164,716,790,-0.2653148014621057,-0.4565744180463826,-0.14953691570807706,0.4947923172017047,-0.5541130588192147,0.6389593069170737,0
372,HotelRestCafe,Other,3884,3801,1641,876,397,4829,-0.14988522742451646,-0.4529868665698714,-0.09603323231453227,-0.07813667478542957,-0.1217489849772919,-0.17717387407652033,4
373,Retail,Other,15076,6257,7398,1504,1916,3113,-0.21492410553476468,-0.3908833817140206,-0.01641843844824121,0.022376105791714417,0.11867552358515175,0.4760758663534386,2
374,HotelRestCafe,Other,6338,2256,1668,1492,311,686,-0.3084788731549805,-0.4303176295382296,-0.3967268115418853,-0.15484255268950398,-0.5721769877713148,-0.4696859403896411,4
375,HotelRestCafe,Other,5841,1450,1162,597,476,70,-0.2698189065432699,-0.4266470439249673,-0.39189644690387065,-0.17693156129936713,-0.5111954695120758,-0.5034719702684688,4
376,Retail,Other,3136,8630,13586,5641,4666,1426,-0.23875491694088846,-0.1318541170687612,0.3495077102315735,-0.2520420315434832,0.8756532066049272,-0.07314671425666218,1
377,HotelRestCafe,Other,38793,3154,2648,1034,96,1242,-0.2918274534512241,-0.4513506072697427,0.1056619084712163,0.6733698564176082,-0.32131777530853234,0.8279596517900468,2
378,HotelRestCafe,Other,3225,3294,1902,282,68,1114,-0.31249707437556395,-0.4313643293287201,-0.3388598796612378,-0.2541063370250809,-0.3791084614400017,-0.5934955578846276,4
379,Retail,Other,4048,5164,10391,130,813,179,-0.2952087060599949,-0.4043347745425521,-0.07879826909289228,-0.3549179198824441,0.14897729492938394,-0.6221153874050599,3
380,HotelRestCafe,Other,28257,944,2146,3881,600,270,-0.3040506179230111,-0.4488468615599181,-0.1369901441487347,0.5755076782882419,-0.5598441406748552,0.6994683187226169,2
381,HotelRestCafe,Other,17770,4591,1617,9927,246,532,-0.2334024420217521,-0.4638726874339404,-0.06713238007907091,0.4700859345138741,-0.4241834181487262,0.5878263142571641,2
382,HotelRestCafe,Other,34454,7435,8469,2540,1711,2893,-0.12403340382509592,-0.3485650100533624,0.2106344723700516,0.5755025593158929,0.06771860008186109,1.0543026925543408,2
383,HotelRestCafe,Other,1821,1364,3450,4006,397,361,-0.3080597046517225,-0.4317516908970814,-0.3374181001843753,-0.16765817579159856,-0.4480271579448586,-0.5034970290018206,4
384,HotelRestCafe,Other,10683,21858,15400,3635,282,5120,0.5014491434110943,0.1420809306356296,0.4887169240956608,0.12965451064297628,0.7151098117570309,0.4082085070402824,1
385,HotelRestCafe,Other,11635,922,1614,2583,192,1068,-0.31591917214902704,-0.42479179297039504,-0.40970794527305,0.057696919041735635,-0.7717294534576523,-0.08743854792198144,0
386,HotelRestCafe,Other,1206,3620,2857,1945,353,967,-0.3167125733392153,-0.436403472223994,-0.3149684378133799,-0.2757043848550839,-0.3371912720062104,-0.6513574174553883,4
387,HotelRestCafe,Other,20918,1916,1573,1960,231,961,-0.313599826012584,-0.4398517591337634,-0.29668044857106896,0.3281900653322785,-0.6863766449919851,0.4172518672439118,0
388,HotelRestCafe,Other,9785,848,1172,1677,200,406,-0.29802771963577634,-0.4197009801351051,-0.4241081905369756,-0.03081011194968608,-0.6881551904798364,-0.2713719938265636,4
389,HotelRestCafe,Other,9385,1530,1422,3019,227,684,-0.3133699509798648,-0.4259062118573925,-0.4141783570123768,-0.003291010853885337,-0.7359648920774763,-0.21595663839870816,4
390,HotelRestCafe,Other,3352,1181,1328,5502,311,1000,-0.3103367764577618,-0.4186106239416906,-0.3368588745555413,-0.0311556962870692,-0.5396332180177547,-0.2874327278114344,4
391,HotelRestCafe,Other,2647,2761,2313,907,95,1827,-0.3182609591571256,-0.43003460186569104,-0.3255809984953701,-0.2383196337266048,-0.3745097703729926,-0.5610965457884849,4
392,HotelRestCafe,Other,518,4180,3600,659,122,654,-0.3056827425793608,-0.4391935440587881,-0.2803743022093571,-0.3261562230177065,-0.2352237661386669,-0.7004494644655951,4
393,HotelRestCafe,Other,23632,6730,3842,8620,385,819,-0.2058770161230084,-0.4548063890040422,0.006362195861558224,0.5473971267024293,-0.30699234478255066,0.8598834246874961,2
394,HotelRestCafe,Other,12377,865,3204,1398,149,452,-0.3014332799988224,-0.4365252999934245,-0.3922310303649953,0.016214233975294458,-0.6862633784373943,-0.14884096821185247,0
395,HotelRestCafe,Other,9602,1316,1263,2921,841,290,-0.3043145405416409,-0.43199275192376896,-0.40467421196887104,-0.01572740637349565,-0.7004706802166857,-0.23813950670497686,4
396,Retail,Other,4515,11991,9345,2644,3378,2213,-0.2202278182567156,-0.20065577090334505,0.27857302109049115,-0.2924606118806625,0.847725455350606,-0.16147521459395406,1
397,HotelRestCafe,Other,11535,1666,1428,6838,64,743,-0.2972820996543201,-0.4323365886925468,-0.30347583425335223,0.23343160979656144,-0.6657485126168418,0.1873543479194494,0
398,HotelRestCafe,Other,11442,1032,582,5390,74,247,-0.3078951347641586,-0.4161409904387644,-0.3697651997401873,0.17245255305489754,-0.734850755724662,0.049661798249485856,0
399,HotelRestCafe,Other,9612,577,935,1601,469,375,-0.2944875950510729,-0.4196127957763956,-0.4217411932761912,-0.038831151671810636,-0.6732966923213074,-0.28622455116984113,4
400,HotelRestCafe,Other,4446,906,1238,3576,153,1014,-0.3152748559555292,-0.4120624356164931,-0.3961124399168771,-0.09020633126283703,-0.6058255316683695,-0.3839056429373952,4
401,HotelRestCafe,Other,27167,2801,2128,13223,92,1902,0.002962870803780878,-0.5000412337864569,0.17457468938502846,0.6272201390406884,-0.3200043017583251,0.8385421348222317,2
402,HotelRestCafe,Other,26539,4753,5091,220,10,340,-0.30576746137202865,-0.4469483149432072,-0.0990698455142202,0.3900650791391784,-0.3367409664094062,0.5709911012063273,2
403,HotelRestCafe,Other,25606,11006,4604,127,632,288,-0.30112630921305217,-0.3739964503352776,0.060141816561386924,0.2946910059990122,-0.010234511526489055,0.5751302867974156,2
404,HotelRestCafe,Other,18073,4613,3444,4324,914,715,-0.30273752352812583,-0.4482241774450315,-0.2374337018195745,0.26568613681955056,-0.6548229529763288,0.5727894385723394,0
405,HotelRestCafe,Other,6884,1046,1167,2069,593,378,-0.2983642590197264,-0.4233461872750045,-0.4137578499250274,-0.1090660783059029,-0.6209689456012393,-0.4091018369683172,4
406,HotelRestCafe,Other,25066,5010,5026,9806,1092,960,-0.17661212046596972,-0.4616341947347696,0.061878663827621014,0.5906116900872387,-0.25776538274697525,0.8996625578054166,2
407,Retail,Other,7362,12844,18683,2854,7883,553,-0.2487136197909346,0.4996812997024961,0.7199105183608593,-0.2356484996722521,1.1270125626033611,0.09898631155950932,1
408,Retail,Other,8257,3880,6407,1646,2730,344,-0.3063420912277716,-0.41630308013886425,-0.180994202141992,-0.24517635919769076,-0.1542679092730562,-0.622373437438675,4
409,HotelRestCafe,Other,8708,3634,6100,2349,2123,5137,-0.045881983163002536,-0.4451977786990293,0.02385317957238156,-0.007948580461507601,0.1022039605110517,0.138583668600799,2
410,HotelRestCafe,Other,6633,2096,4563,1389,1860,1892,-0.31553810521063513,-0.4395241781185392,-0.26899681154682903,-0.2086445580852184,-0.35228529307795275,-0.5132191063806762,4
411,HotelRestCafe,Other,2126,3289,3281,1535,235,4365,-0.18575798462323612,-0.4507477852822484,-0.12527673868063766,-0.13036682945004635,-0.12302079499900885,-0.26837522430293803,4
412,HotelRestCafe,Other,97,3605,12400,98,2970,62,-0.27520898135346616,-0.34323327183348595,0.07833261518829733,-0.4432278848286621,0.3973492161821379,-0.6907510512278511,3
413,HotelRestCafe,Other,4983,4859,6633,17866,912,2435,0.2341762719372063,-0.5395503258257311,0.29063366990350964,0.3621936975453442,0.00696806838510301,0.394704208327386,2
414,HotelRestCafe,Other,5969,1990,3417,5679,1135,290,-0.31014212656078416,-0.4453631881355709,-0.2999335395254729,-0.023807643637592232,-0.5012355105234052,-0.22369364195556327,4
415,Retail,Other,7842,6046,8552,1691,3540,1874,-0.2936614929836697,-0.33452076662196645,0.033069132500233286,-0.2882393510508844,0.6795503417737885,-0.5639105878835691,3
416,Retail,Other,4389,10940,10908,848,6728,993,-0.2904106223522107,0.0032820957149361013,0.4647424797245151,-0.3963302091577823,1.010994654594456,-0.2693542351077781,1
417,HotelRestCafe,Other,5065,5499,11055,364,3485,1063,-0.31023755603644765,-0.3052333677140709,0.09561203949953008,-0.4065197452033568,0.6126212294604699,-0.6264396437730325,3
418,Retail,Other,660,8494,18622,133,6740,776,-0.2875564686415994,0.19030739952194048,0.6089350123452206,-0.39796275978465995,1.0087233984149342,-0.3142118745526112,1
419,HotelRestCafe,Other,8861,3783,2223,633,1580,1521,-0.3180002385363224,-0.4421499977000773,-0.29862500809453,-0.16073595822315956,-0.432855238807277,-0.40663236976554296,4
420,HotelRestCafe,Other,4456,5266,13227,25,6818,1393,-0.30123567845492943,-0.09327470519009516,0.3841667956115901,-0.4127637455864846,0.8873421107648831,-0.3590959151677761,3
421,Retail,Other,17063,4847,9053,1031,3415,1784,-0.2942264227512861,-0.3423998953507105,0.018961285286999363,-0.005316173816363357,0.2762535278811047,0.5065622216036404,2
422,HotelRestCafe,Other,26400,1377,4172,830,948,1218,-0.31092667658489753,-0.4522141799861769,-0.14432805249158295,0.43216526907687053,-0.4446824981858613,0.6097190358212853,2
423,Retail,Other,17565,3686,4657,1059,1803,668,-0.3118085520767555,-0.4396868068263903,-0.22555447447787705,0.09352752154802482,-0.4760132687037948,0.24945458491055625,0
424,Retail,Other,16980,2884,12232,874,3213,249,-0.298303679826441,-0.3369125092760216,0.032003061769347294,-0.028720903979685793,0.21069272619755544,0.2340848431817513,2
425,HotelRestCafe,Other,11243,2408,2593,15348,108,1886,0.00837968807809017,-0.5036903932885387,0.16668175154602605,0.4403412784043104,-0.23602367238563265,0.4647932907298595,2
426,HotelRestCafe,Other,13134,9347,14316,3141,5079,1894,-0.2194481101771731,-0.03000520340855348,0.4101264208195104,-0.14594694536942068,1.132664745283199,0.4523412923440142,1
427,HotelRestCafe,Other,31012,16687,5429,15082,439,1163,0.3021542163666044,-0.3235785192565307,0.3666327964631896,0.44808856157100985,0.11121969611923406,0.891809934142683,2
428,HotelRestCafe,Other,3047,5970,4910,2198,850,317,-0.3124619744754832,-0.4350089124605636,-0.22118615048718124,-0.2955028615234891,-0.163334066220739,-0.6639662017023686,4
429,HotelRestCafe,Other,8607,1750,3580,47,84,2501,-0.3102059764169811,-0.4378392591528792,-0.3018134375035472,-0.10453488914605882,-0.4240949937786324,-0.273672366326565,4
430,HotelRestCafe,Other,3097,4230,16483,575,241,2080,-0.3007782942960541,-0.3408411711287819,0.1214606351171814,-0.28085612808732136,0.40631206511663137,-0.32934342078613194,3
431,HotelRestCafe,Other,8533,5506,5160,13486,1377,1498,-0.06756143236586525,-0.4837997020303499,0.1362179144823038,0.34849163003368444,-0.06632014191494723,0.4082808973311824,2
432,HotelRestCafe,Other,21117,1162,4754,269,1328,395,-0.2973583927660042,-0.4531006435692926,-0.2240988221409447,0.2251026316239639,-0.4622008755276755,0.3097716914226627,0
433,HotelRestCafe,Other,1982,3218,1493,1541,356,1449,-0.3187581738463003,-0.4295684989010193,-0.33486316169287816,-0.2439740158750396,-0.38938286254154186,-0.5905524722844294,4
434,HotelRestCafe,Other,16731,3922,7994,688,2371,838,-0.3110964989760565,-0.40201893614750905,-0.11372207835996845,0.0020127808660370065,-0.14229845011639644,0.2306426540945405,0
435,HotelRestCafe,Other,29703,12051,16027,13135,182,2204,0.3191052951674,-0.22315704799931427,0.3761623314298116,0.4667789087717403,0.2511996470743049,0.9703442636368792,2
436,HotelRestCafe,Other,39228,1431,764,4510,93,2346,-0.19986341344858444,-0.452927645484232,0.13023102137034706,0.7451105238303106,-0.4001704087859913,0.9319810019193496,2
437,Retail,Other,14531,15488,30243,437,14841,1867,-0.07785050892318851,2.473392760792463,0.720746752401044,0.1224001013605151,1.1354324092019192,0.3062525759811337,1
438,HotelRestCafe,Other,10290,1981,2232,1038,168,2125,-0.3120882167553877,-0.4345768388595044,-0.35200360771234834,-0.03390882762428447,-0.5946608317701932,-0.17990821571492802,4
439,HotelRestCafe,Other,2787,1698,2510,65,477,52,-0.2596894934423598,-0.4347731475892074,-0.3434271702891228,-0.2682870154449539,-0.3702887263211461,-0.631223394084909,4
